date,season,year,month,day_of_week,weekend,holiday,temp_actual,temp_feel,humidity,windspeed,weather_cat,rides
1/1/2011,winter,2011,Jan,Sat,TRUE,no,57.3995246,64.72625,80.5833,10.749882,categ2,654
1/3/2011,winter,2011,Jan,Mon,FALSE,no,46.4916632,49.04645,43.7273,16.636703,categ1,1229
1/4/2011,winter,2011,Jan,Tue,FALSE,no,46.76,51.09098,59.0435,10.739832,categ1,1454
1/5/2011,winter,2011,Jan,Wed,FALSE,no,48.7494266,52.6343,43.6957,12.5223,categ1,1518
1/7/2011,winter,2011,Jan,Fri,FALSE,no,46.5033236,50.79551,49.8696,11.304642,categ2,1362
1/8/2011,winter,2011,Jan,Sat,TRUE,no,44.177,46.60286,53.5833,17.875868,categ2,891
1/10/2011,winter,2011,Jan,Mon,FALSE,no,43.1314754,45.57992,48.2917,14.958889,categ1,1280
1/11/2011,winter,2011,Jan,Tue,FALSE,no,44.4789158,49.23176,68.6364,8.182844,categ2,1220
1/12/2011,winter,2011,Jan,Wed,FALSE,no,44.7472526,46.44257,59.9545,20.410009,categ1,1137
1/13/2011,winter,2011,Jan,Thu,FALSE,no,44.177,45.57947,47.0417,20.167,categ1,1368
1/14/2011,winter,2011,Jan,Fri,FALSE,no,43.872206,48.95717,53.7826,8.478716,categ1,1367
1/15/2011,winter,2011,Jan,Sat,TRUE,no,49.2199754,54.33008,49.875,10.583521,categ2,1026
1/16/2011,winter,2011,Jan,Sun,TRUE,no,49.0970246,53.07953,48.375,12.625011,categ1,953
1/17/2011,winter,2011,Jan,Mon,FALSE,yes,44.9764754,47.90939,53.75,12.999139,categ2,883
1/18/2011,winter,2011,Jan,Tue,FALSE,no,47.9900246,52.90997,86.1667,9.833925,categ2,674
1/19/2011,winter,2011,Jan,Wed,FALSE,no,53.5624412,58.85798,74.1739,13.957239,categ2,1572
1/20/2011,winter,2011,Jan,Thu,FALSE,no,51.3110246,54.9545,53.8333,13.125568,categ2,1844
1/21/2011,winter,2011,Jan,Fri,FALSE,no,45.0995,46.20497,45.7083,23.667214,categ1,1468
1/25/2011,winter,2011,Jan,Tue,FALSE,no,48.4926764,53.10734,61.6957,8.696332,categ2,1799
1/26/2011,winter,2011,Jan,Wed,FALSE,no,48.0515,50.324,86.25,19.68795,categ3,472
1/27/2011,winter,2011,Jan,Thu,FALSE,no,46.391,51.773,68.75,7.627079,categ1,416
1/29/2011,winter,2011,Jan,Sat,TRUE,no,46.5033236,51.09134,65.1739,9.739455,categ1,975
1/30/2011,winter,2011,Jan,Sun,TRUE,no,47.9793236,54.52898,72.2174,4.9568342,categ1,956
1/31/2011,winter,2011,Jan,Mon,FALSE,no,45.3454754,48.7625,60.375,12.541864,categ2,1459
2/1/2011,winter,2011,Feb,Tue,FALSE,no,46.1824412,53.1077,82.9565,3.565271,categ2,1313
2/2/2011,winter,2011,Feb,Wed,FALSE,no,51.188,54.89753,77.5417,17.708636,categ2,1454
2/3/2011,winter,2011,Feb,Thu,FALSE,no,45.7974266,48.00902,43.7826,18.609384,categ1,1489
2/5/2011,winter,2011,Feb,Sat,TRUE,no,49.2199754,53.87522,92.9167,10.792293,categ2,905
2/6/2011,winter,2011,Feb,Sun,TRUE,no,53.0944754,58.25039,56.8333,9.5006,categ1,1269
2/7/2011,winter,2011,Feb,Mon,FALSE,no,52.0490246,59.32922,73.8333,3.0423561,categ1,1592
2/8/2011,winter,2011,Feb,Tue,FALSE,no,48.2974754,49.84214,53.7917,24.25065,categ1,1466
2/10/2011,winter,2011,Feb,Thu,FALSE,no,42.6528824,45.45932,43.7391,14.869645,categ1,1491
2/11/2011,winter,2011,Feb,Fri,FALSE,no,45.9549158,51.21581,50.6364,7.27285,categ1,1597
2/12/2011,winter,2011,Feb,Sat,TRUE,no,48.4205,52.96586,54.4167,13.625589,categ1,1184
2/13/2011,winter,2011,Feb,Sun,TRUE,no,55.3593236,61.17017,45.7391,17.479161,categ1,1192
2/14/2011,winter,2011,Feb,Mon,FALSE,no,62.627,67.8515,37.5833,27.999836,categ1,1705
2/15/2011,winter,2011,Feb,Tue,FALSE,no,51.6372206,54.88466,31.4348,19.522058,categ1,1675
2/16/2011,winter,2011,Feb,Wed,FALSE,no,55.4876618,60.458,42.3478,16.869997,categ1,1897
2/17/2011,winter,2011,Feb,Thu,FALSE,no,64.1644754,70.57922,50.5,15.416968,categ1,2216
2/18/2011,winter,2011,Feb,Fri,FALSE,no,70.4990246,78.07847,51.6667,17.749975,categ1,2348
2/19/2011,winter,2011,Feb,Sat,TRUE,no,61.4585246,67.22636,18.7917,34.000021,categ1,1103
2/20/2011,winter,2011,Feb,Sun,TRUE,no,53.0490146,56.9597,40.7826,14.956745,categ1,1173
2/21/2011,winter,2011,Feb,Mon,FALSE,yes,54.3859754,57.56675,60.5,20.625682,categ2,912
2/22/2011,winter,2011,Feb,Tue,FALSE,no,45.4479836,48.74297,57.7778,13.110761,categ1,1376
2/23/2011,winter,2011,Feb,Wed,FALSE,no,48.3643382,54.11453,42.3043,6.305571,categ1,1778
2/24/2011,winter,2011,Feb,Thu,FALSE,no,53.8191176,58.02719,69.7391,16.783232,categ2,1707
2/25/2011,winter,2011,Feb,Fri,FALSE,no,58.8888824,63.54149,71.2174,23.218113,categ2,1341
2/26/2011,winter,2011,Feb,Sat,TRUE,no,52.8485,57.39728,53.7917,12.500257,categ1,1545
2/27/2011,winter,2011,Feb,Sun,TRUE,no,57.3486764,63.59981,68,8.391616,categ1,1708
3/1/2011,winter,2011,Mar,Tue,FALSE,no,51.6800246,55.74911,53.5,14.500475,categ1,1714
3/3/2011,winter,2011,Mar,Thu,FALSE,no,46.6369754,50.01197,31.8333,15.125518,categ1,1562
3/4/2011,winter,2011,Mar,Fri,FALSE,no,51.3110246,55.01111,61.0417,13.624182,categ2,1730
3/5/2011,winter,2011,Mar,Sat,TRUE,no,60.3515246,66.09011,78.9167,16.875357,categ2,1437
3/7/2011,winter,2011,Mar,Mon,FALSE,no,51.3163382,53.46149,55.1304,22.870584,categ1,1628
3/8/2011,winter,2011,Mar,Tue,FALSE,no,53.5865,59.216,42.0833,8.08355,categ1,1817
3/9/2011,winter,2011,Mar,Wed,FALSE,no,53.8324754,57.79472,77.5417,14.75005,categ2,1700
3/10/2011,winter,2011,Mar,Thu,FALSE,no,60.7149158,66.71012,0,17.545759,categ3,577
3/11/2011,winter,2011,Mar,Fri,FALSE,no,55.3593236,59.45,64.9565,15.60899,categ2,1730
3/12/2011,winter,2011,Mar,Sat,TRUE,no,56.2925246,61.3175,59.4583,14.791925,categ1,1408
3/13/2011,winter,2011,Mar,Sun,TRUE,no,60.3648824,66.20819,52.7391,18.130468,categ1,1435
3/14/2011,winter,2011,Mar,Mon,FALSE,no,56.0010146,61.88,49.6957,9.174042,categ1,1687
3/15/2011,winter,2011,Mar,Tue,FALSE,no,55.4234558,60.63602,65.5652,12.348703,categ2,1767
3/16/2011,winter,2011,Mar,Wed,FALSE,no,58.9530146,65.0237,77.6522,13.608839,categ2,1871
3/17/2011,winter,2011,Mar,Thu,FALSE,no,62.627,68.92997,60.2917,14.041793,categ1,2320
3/18/2011,winter,2011,Mar,Fri,FALSE,no,71.852,79.43081,52.5217,15.478139,categ1,2355
3/19/2011,winter,2011,Mar,Sat,TRUE,no,66.8705,73.98725,37.9167,24.667189,categ1,1693
3/20/2011,winter,2011,Mar,Sun,TRUE,no,56.5385,61.3175,47.375,13.917307,categ1,1424
3/21/2011,spring,2011,Mar,Mon,FALSE,no,63.766103,68.87615,73.7391,19.348461,categ2,1676
3/23/2011,spring,2011,Mar,Wed,FALSE,no,57.6054266,62.41451,83.9565,15.695487,categ2,1918
3/24/2011,spring,2011,Mar,Thu,FALSE,no,53.033,56.37497,80.5833,16.333729,categ2,1699
3/26/2011,spring,2011,Mar,Sat,TRUE,no,51.6184754,55.18139,39.4167,14.041257,categ1,1515
3/27/2011,spring,2011,Mar,Sun,TRUE,no,50.6745734,54.53051,49.3913,12.3481,categ2,1221
3/28/2011,spring,2011,Mar,Mon,FALSE,no,51.5088824,55.18166,30.2174,14.217668,categ1,1806
3/29/2011,spring,2011,Mar,Tue,FALSE,no,54.3245,58.36172,31.4167,15.208732,categ1,2108
3/30/2011,spring,2011,Mar,Wed,FALSE,no,54.14,58.7615,64.6667,11.583496,categ2,1368
3/31/2011,spring,2011,Mar,Thu,FALSE,no,51.8029754,55.18175,91.8333,14.582282,categ3,1506
4/1/2011,spring,2011,Apr,Fri,FALSE,no,54.14,57.51086,68.625,17.333436,categ2,1920
4/2/2011,spring,2011,Apr,Sat,TRUE,no,55.247,60.40733,65.375,13.208782,categ2,1354
4/3/2011,spring,2011,Apr,Sun,TRUE,no,59.9209754,66.08903,48,12.208271,categ1,1598
4/4/2011,spring,2011,Apr,Mon,FALSE,no,74.3119754,80.86361,42.625,25.833257,categ1,2381
4/5/2011,spring,2011,Apr,Tue,FALSE,no,62.5655246,67.8515,64.2083,26.000489,categ2,1628
4/7/2011,spring,2011,Apr,Thu,FALSE,no,64.2875,71.03264,60.2917,10.874904,categ1,2570
4/8/2011,spring,2011,Apr,Fri,FALSE,no,56.7844754,61.20311,83.625,15.208464,categ2,1299
4/9/2011,spring,2011,Apr,Sat,TRUE,no,57.2765,62.73761,87.75,8.916561,categ2,1576
4/10/2011,spring,2011,Apr,Sun,TRUE,no,63.4880246,70.40633,85.75,9.833389,categ2,1707
4/11/2011,spring,2011,Apr,Mon,FALSE,no,75.9591176,82.86953,71.6956,21.739758,categ2,2493
4/12/2011,spring,2011,Apr,Tue,FALSE,no,69.0845,76.37486,73.9167,18.416893,categ2,1777
4/13/2011,spring,2011,Apr,Wed,FALSE,no,62.4425,69.55547,81.9167,16.791339,categ2,1953
4/14/2011,spring,2011,Apr,Thu,FALSE,no,66.5015,73.64678,54.0417,7.4169,categ1,2738
4/15/2011,spring,2011,Apr,Fri,FALSE,yes,64.9640246,71.77217,67.125,15.167125,categ1,2484
4/16/2011,spring,2011,Apr,Sat,TRUE,no,63.7954754,70.29428,88.8333,22.834136,categ3,674
4/17/2011,spring,2011,Apr,Sun,TRUE,no,65.7020246,72.11264,47.9583,20.334232,categ1,2186
4/18/2011,spring,2011,Apr,Mon,FALSE,no,69.8225,77.28314,54.25,10.958989,categ1,2760
4/19/2011,spring,2011,Apr,Tue,FALSE,no,69.3304754,76.03322,66.5833,10.584057,categ2,2795
4/20/2011,spring,2011,Apr,Wed,FALSE,no,75.911,82.79528,61.4167,16.208975,categ1,3331
4/21/2011,spring,2011,Apr,Thu,FALSE,no,65.8865246,72.85028,40.7083,21.792286,categ1,3444
4/22/2011,spring,2011,Apr,Fri,FALSE,no,56.8460246,60.97586,72.9583,14.707907,categ2,1506
4/23/2011,spring,2011,Apr,Sat,TRUE,no,65.948,72.51089,88.7917,15.458575,categ2,2574
4/24/2011,spring,2011,Apr,Sun,TRUE,no,74.9270246,81.65867,81.0833,12.875725,categ2,2481
4/25/2011,spring,2011,Apr,Mon,FALSE,no,76.7720246,83.705,77.6667,12.417311,categ1,3300
4/26/2011,spring,2011,Apr,Tue,FALSE,no,78.6170246,85.46747,72.9167,21.8755,categ1,3722
4/27/2011,spring,2011,Apr,Wed,FALSE,no,77.756,83.76278,83.5417,20.9174,categ2,3325
4/28/2011,spring,2011,Apr,Thu,FALSE,no,77.5715,84.10361,70.0833,21.500836,categ2,3489
4/29/2011,spring,2011,Apr,Fri,FALSE,no,69.638,76.77167,45.7083,16.084221,categ1,3717
4/30/2011,spring,2011,Apr,Sat,TRUE,no,66.8705,73.76189,50.3333,15.750025,categ1,3347
5/1/2011,spring,2011,May,Sun,TRUE,no,65.3330246,72.33836,76.2083,7.125718,categ2,2213
5/2/2011,spring,2011,May,Mon,FALSE,no,72.5285246,79.95497,73,12.291418,categ2,3554
5/3/2011,spring,2011,May,Tue,FALSE,no,77.5100246,84.38711,69.7083,22.958689,categ2,3848
5/4/2011,spring,2011,May,Wed,FALSE,no,62.5655246,68.4185,73.7083,22.042732,categ2,2378
5/5/2011,spring,2011,May,Thu,FALSE,no,65.8865246,71.77253,44.4167,19.791264,categ1,3819
5/6/2011,spring,2011,May,Fri,FALSE,no,67.3625246,74.67053,59,15.292482,categ1,3714
5/7/2011,spring,2011,May,Sat,TRUE,no,70.376,78.13589,54.125,10.75015,categ1,3102
5/8/2011,spring,2011,May,Sun,TRUE,no,70.9909754,78.70397,63.1667,5.0007125,categ1,2932
5/10/2011,spring,2011,May,Tue,FALSE,no,71.2985,79.04489,48.9167,7.749957,categ1,4109
5/11/2011,spring,2011,May,Wed,FALSE,no,72.0365,79.556,63.2917,8.083014,categ1,3632
5/12/2011,spring,2011,May,Thu,FALSE,no,71.483,79.10267,74.75,12.707689,categ1,4169
5/13/2011,spring,2011,May,Fri,FALSE,no,69.8225,76.487,86.3333,12.041575,categ2,3413
5/14/2011,spring,2011,May,Sat,TRUE,no,70.4374754,77.05661,92.25,9.04165,categ2,2507
5/15/2011,spring,2011,May,Sun,TRUE,no,73.5125,80.24,86.7083,10.249593,categ2,2971
5/16/2011,spring,2011,May,Mon,FALSE,no,74.6195,81.54608,78.7917,8.500357,categ1,3185
5/17/2011,spring,2011,May,Tue,FALSE,no,73.4510246,80.46761,83.7917,18.582718,categ2,3445
5/18/2011,spring,2011,May,Wed,FALSE,no,72.59,79.44422,87,13.499964,categ2,3319
5/19/2011,spring,2011,May,Thu,FALSE,no,71.1754754,77.96678,82.9583,7.250271,categ2,3840
5/20/2011,spring,2011,May,Fri,FALSE,no,71.6060246,79.61378,71.9583,8.375871,categ1,4008
5/21/2011,spring,2011,May,Sat,TRUE,no,76.4645,83.47775,62.6667,8.08355,categ1,3547
5/22/2011,spring,2011,May,Sun,TRUE,no,76.5875246,83.705,74.9583,9.916536,categ1,3084
5/23/2011,spring,2011,May,Mon,FALSE,no,78.6170246,85.12664,81,15.667414,categ2,3438
5/24/2011,spring,2011,May,Tue,FALSE,no,80.708,86.43317,74.0833,13.875164,categ2,3833
6/3/2011,spring,2011,Jun,Fri,FALSE,no,77.756,84.84197,35.4167,16.959107,categ1,4414
6/4/2011,spring,2011,Jun,Sat,TRUE,no,78.863,85.52264,45.625,8.250514,categ1,3473
6/13/2011,spring,2011,Jun,Mon,FALSE,no,78.863,86.14886,49.4583,20.45845,categ1,4157
6/14/2011,spring,2011,Jun,Tue,FALSE,no,76.5875246,85.23914,50.7083,18.041961,categ1,4164
6/16/2011,spring,2011,Jun,Thu,FALSE,no,78.3709754,85.58114,68.8333,13.833557,categ2,3222
6/17/2011,spring,2011,Jun,Fri,FALSE,no,79.9085246,86.03447,73.5833,9.582943,categ1,3981
6/20/2011,spring,2011,Jun,Mon,FALSE,no,78.863,85.58114,74.625,10.416825,categ2,3311
8/23/2011,summer,2011,Aug,Tue,FALSE,no,79.2934754,86.54603,45.5417,9.833121,categ1,4614
8/29/2011,summer,2011,Aug,Mon,FALSE,no,78.9860246,86.71622,55.4583,10.708275,categ1,3905
8/30/2011,summer,2011,Aug,Tue,FALSE,no,79.1705246,85.52336,54.8333,8.375536,categ1,4429
9/2/2011,summer,2011,Sep,Fri,FALSE,no,79.4779754,86.43272,72.7083,9.375243,categ2,3852
9/6/2011,summer,2011,Sep,Tue,FALSE,no,71.852,78.368,88.6957,23.044181,categ3,2506
9/7/2011,summer,2011,Sep,Wed,FALSE,no,76.2185246,80.98061,91.7083,6.5003936,categ3,1878
9/8/2011,summer,2011,Sep,Thu,FALSE,no,78.7827794,81.98249,93.9565,12.914116,categ3,1689
9/9/2011,summer,2011,Sep,Fri,FALSE,no,79.97,84.10514,89.7917,8.333393,categ2,3127
9/10/2011,summer,2011,Sep,Sat,TRUE,no,80.708,86.71658,75.375,10.291736,categ1,3595
9/11/2011,summer,2011,Sep,Sun,TRUE,no,80.2159754,86.83061,71.375,7.708618,categ1,3413
9/12/2011,summer,2011,Sep,Mon,FALSE,no,79.5528824,86.1917,69.2174,5.957171,categ1,4023
9/13/2011,summer,2011,Sep,Tue,FALSE,no,80.0314754,86.31986,71.25,9.500868,categ1,4062
9/16/2011,summer,2011,Sep,Fri,FALSE,no,66.6245246,73.53275,59.0417,11.000261,categ2,4018
9/17/2011,summer,2011,Sep,Sat,TRUE,no,68.2850246,75.06608,71.8333,12.708225,categ2,3077
9/18/2011,summer,2011,Sep,Sun,TRUE,no,69.4535,76.14833,69.5,11.958361,categ1,2921
9/19/2011,summer,2011,Sep,Mon,FALSE,no,72.5285246,79.67075,69,10.166714,categ2,3848
9/20/2011,summer,2011,Sep,Tue,FALSE,no,73.4510246,79.89953,88.125,9.041918,categ2,3203
9/21/2011,summer,2011,Sep,Wed,FALSE,no,75.911,81.54797,90,6.4590814,categ2,3813
9/22/2011,summer,2011,Sep,Thu,FALSE,no,78.3709754,81.94667,90.2083,8.584375,categ2,4240
9/23/2011,fall,2011,Sep,Fri,FALSE,no,76.9565246,78.99125,97.25,5.2505689,categ2,2137
9/24/2011,fall,2011,Sep,Sat,TRUE,no,76.7720246,82.79708,86.25,5.2516811,categ2,3647
9/25/2011,fall,2011,Sep,Sun,TRUE,no,78.8015246,83.53733,84.5,3.3754064,categ2,3466
9/26/2011,fall,2011,Sep,Mon,FALSE,no,79.9085246,85.01378,84.8333,7.4169,categ2,3946
9/27/2011,fall,2011,Sep,Tue,FALSE,no,78.9860246,83.70725,88.5417,7.917457,categ2,3643
9/28/2011,fall,2011,Sep,Wed,FALSE,no,78.863,83.76422,84.875,9.958143,categ2,3427
9/29/2011,fall,2011,Sep,Thu,FALSE,no,77.5100246,83.70608,69.9167,11.583161,categ1,4186
9/30/2011,fall,2011,Sep,Fri,FALSE,no,73.6355246,81.03461,64.75,13.833825,categ1,4372
10/1/2011,fall,2011,Oct,Sat,TRUE,no,62.258,69.15767,75.375,19.583832,categ2,1949
10/3/2011,fall,2011,Oct,Mon,FALSE,no,60.3515246,67.28414,76.0833,5.5841686,categ2,3240
10/4/2011,fall,2011,Oct,Tue,FALSE,no,67.7315246,74.55722,71,13.792218,categ1,3970
10/5/2011,fall,2011,Oct,Wed,FALSE,no,71.7289754,79.44242,64.7917,11.87575,categ1,4267
10/7/2011,fall,2011,Oct,Fri,FALSE,no,69.6994754,77.39636,68.4167,1.5002439,categ1,4036
10/8/2011,fall,2011,Oct,Sat,TRUE,no,70.4990246,78.19178,70.125,3.0420814,categ1,3174
10/9/2011,fall,2011,Oct,Sun,TRUE,no,71.9134754,79.15847,72.75,4.25115,categ1,3114
10/10/2011,fall,2011,Oct,Mon,FALSE,yes,74.1274754,80.86325,73.375,2.8343814,categ1,3603
10/11/2011,fall,2011,Oct,Tue,FALSE,no,73.8200246,81.14864,80.875,9.583814,categ2,3896
10/12/2011,fall,2011,Oct,Wed,FALSE,no,72.0979754,78.59453,90.625,16.62605,categ3,2199
10/13/2011,fall,2011,Oct,Thu,FALSE,no,75.4805246,81.66236,89.6667,9.499729,categ2,2623
10/14/2011,fall,2011,Oct,Fri,FALSE,no,72.6514754,79.67075,71.625,15.000161,categ2,3115
10/15/2011,fall,2011,Oct,Sat,TRUE,no,69.3920246,76.88525,48.3333,17.291561,categ1,3318
10/16/2011,fall,2011,Oct,Sun,TRUE,no,69.7610246,77.28386,48.6667,18.875039,categ1,3293
10/17/2011,fall,2011,Oct,Mon,FALSE,no,71.4215246,77.96525,57.9583,11.750393,categ1,3857
10/18/2011,fall,2011,Oct,Tue,FALSE,no,71.2985,79.04489,70.1667,7.375829,categ2,4111
10/20/2011,fall,2011,Oct,Thu,FALSE,no,67.1164754,73.98725,63.625,28.292425,categ1,3724
10/21/2011,fall,2011,Oct,Fri,FALSE,no,63.5495,70.12364,57.4167,14.833532,categ1,3628
10/22/2011,fall,2011,Oct,Sat,TRUE,no,63.1805,70.29428,62.9167,6.2086689,categ1,2809
10/23/2011,fall,2011,Oct,Sun,TRUE,no,63.1190246,70.00997,74.125,6.6673375,categ1,2762
10/24/2011,fall,2011,Oct,Mon,FALSE,no,66.1939754,73.13603,77.2083,7.959064,categ1,3488
10/25/2011,fall,2011,Oct,Tue,FALSE,no,66.8090246,73.70375,62.2917,11.166086,categ1,3992
10/26/2011,fall,2011,Oct,Wed,FALSE,no,67.7315246,74.55614,72.0417,9.959014,categ2,3490
10/27/2011,fall,2011,Oct,Thu,FALSE,no,66.686,73.13414,81.2917,13.250121,categ2,2419
10/28/2011,fall,2011,Oct,Fri,FALSE,no,56.4154754,60.69308,58.5833,15.375093,categ2,3291
10/29/2011,fall,2011,Oct,Sat,TRUE,no,50.7575246,52.51217,88.25,23.541857,categ3,570
10/31/2011,fall,2011,Oct,Mon,FALSE,no,57.092,64.04567,70.3333,7.12545,categ1,3307
11/1/2011,fall,2011,Nov,Tue,FALSE,no,61.5814754,67.73792,68.375,9.083257,categ1,3658
11/2/2011,fall,2011,Nov,Wed,FALSE,no,59.8595,67.11197,71.875,5.5001439,categ1,3816
11/3/2011,fall,2011,Nov,Thu,FALSE,no,62.1349754,68.53289,70.2083,9.166739,categ1,3656
11/4/2011,fall,2011,Nov,Fri,FALSE,no,61.7659754,68.30528,62.25,18.209193,categ2,3576
11/5/2011,fall,2011,Nov,Sat,TRUE,no,56.1080246,61.14686,51.9167,12.667154,categ1,2770
11/6/2011,fall,2011,Nov,Sun,TRUE,no,57.7069754,64.61222,73.4583,6.1676314,categ1,2697
11/7/2011,fall,2011,Nov,Mon,FALSE,no,61.151,68.07839,75.875,3.834075,categ1,3662
11/8/2011,fall,2011,Nov,Tue,FALSE,no,62.1349754,69.10214,72.1667,4.6255125,categ1,3829
11/9/2011,fall,2011,Nov,Wed,FALSE,no,61.52,68.81711,75.8333,4.1671186,categ1,3804
11/10/2011,fall,2011,Nov,Thu,FALSE,no,60.044,65.63489,81.3333,12.667489,categ2,2743
11/11/2011,fall,2011,Nov,Fri,FALSE,yes,55.9235246,59.61353,44.625,21.083225,categ1,2928
11/12/2011,fall,2011,Nov,Sat,TRUE,no,58.3220246,64.21478,55.2917,14.208154,categ1,2792
11/13/2011,fall,2011,Nov,Sun,TRUE,no,64.5334754,70.7495,45.8333,18.875307,categ1,2713
11/15/2011,fall,2011,Nov,Tue,FALSE,no,71.114,77.68211,68.875,13.375411,categ2,3746
11/16/2011,fall,2011,Nov,Wed,FALSE,no,65.7020246,72.67892,93,9.167543,categ3,1672
11/17/2011,fall,2011,Nov,Thu,FALSE,no,57.2150246,61.08989,57.5833,20.459254,categ2,2914
11/18/2011,fall,2011,Nov,Fri,FALSE,no,52.2335246,56.54489,41,11.291711,categ1,3147
11/19/2011,fall,2011,Nov,Sat,TRUE,no,56.2925246,61.20347,50.2083,15.041232,categ1,2720
11/20/2011,fall,2011,Nov,Sun,TRUE,no,66.1939754,73.13522,68.4583,12.45865,categ2,2733
11/21/2011,fall,2011,Nov,Mon,FALSE,no,65.0255,72.05558,91,9.249618,categ3,2545
11/22/2011,fall,2011,Nov,Tue,FALSE,no,62.7500246,69.95264,96.25,7.959064,categ3,1538
11/23/2011,fall,2011,Nov,Wed,FALSE,no,64.5334754,70.74833,75.7917,22.500275,categ2,2454
11/25/2011,fall,2011,Nov,Fri,FALSE,no,59.675,66.26039,64.375,6.6260186,categ1,1697
11/26/2011,fall,2011,Nov,Sat,TRUE,no,59.7364754,66.65783,68.1667,4.5841936,categ1,1819
11/27/2011,fall,2011,Nov,Sun,TRUE,no,65.8865246,73.022,69.8333,13.999918,categ1,2261
11/28/2011,fall,2011,Nov,Mon,FALSE,no,69.1566764,76.11098,74.3043,9.522174,categ1,3614
11/29/2011,fall,2011,Nov,Tue,FALSE,no,65.8249754,72.62375,83.0833,17.292164,categ2,2818
11/30/2011,fall,2011,Nov,Wed,FALSE,no,55.985,60.00989,61.3333,18.167586,categ1,3425
12/1/2011,fall,2011,Dec,Thu,FALSE,no,55.0625,59.49986,52.4583,14.750586,categ1,3545
12/2/2011,fall,2011,Dec,Fri,FALSE,no,55.1855246,61.82897,62.5833,6.750518,categ1,3672
12/3/2011,fall,2011,Dec,Sat,TRUE,no,54.0785246,59.95436,61.2917,6.4174811,categ1,2908
12/4/2011,fall,2011,Dec,Sun,TRUE,no,56.4154754,63.419,77.5833,5.6252061,categ1,2851
12/5/2011,fall,2011,Dec,Mon,FALSE,no,60.4744754,67.45325,82.7083,4.1679561,categ2,3578
12/6/2011,fall,2011,Dec,Tue,FALSE,no,66.1325,73.076,94.9583,15.583061,categ3,2468
12/7/2011,fall,2011,Dec,Wed,FALSE,no,62.258,68.02214,97.0417,17.833725,categ3,655
12/8/2011,fall,2011,Dec,Thu,FALSE,no,51.6184754,55.12442,58,16.083886,categ1,3172
12/9/2011,fall,2011,Dec,Fri,FALSE,no,53.4634754,60.57878,69.5833,5.5420189,categ1,3359
12/11/2011,fall,2011,Dec,Sun,TRUE,no,48.2974754,54.78386,49,4.4582939,categ1,2366
12/13/2011,fall,2011,Dec,Tue,FALSE,no,52.8485,59.10242,59,9.41685,categ1,3368
12/15/2011,fall,2011,Dec,Thu,FALSE,no,63.1805,69.10133,63.4167,17.958814,categ2,3528
12/16/2011,fall,2011,Dec,Fri,FALSE,no,59.675,64.38425,50.0417,17.458525,categ2,3399
12/17/2011,fall,2011,Dec,Sat,TRUE,no,51.0649754,54.44339,56.0833,16.292189,categ2,2464
12/18/2011,fall,2011,Dec,Sun,TRUE,no,49.5889754,54.10211,58.625,11.375193,categ1,2211
12/19/2011,fall,2011,Dec,Mon,FALSE,no,52.4180246,57.28397,63.75,11.584032,categ1,3143
12/20/2011,fall,2011,Dec,Tue,FALSE,no,60.4744754,67.68086,59.5417,4.1252436,categ2,3534
12/21/2011,winter,2011,Dec,Wed,FALSE,no,63.6109754,70.52153,85.8333,14.8338,categ2,2553
12/22/2011,winter,2011,Dec,Thu,FALSE,no,63.2419754,70.35089,75.75,3.167425,categ2,2841
12/23/2011,winter,2011,Dec,Fri,FALSE,no,59.5519754,65.97617,68.625,18.374482,categ1,2046
12/24/2011,winter,2011,Dec,Sat,TRUE,no,54.3245,58.93178,54.25,12.750368,categ1,856
12/26/2011,winter,2011,Dec,Mon,FALSE,yes,55.7443382,60.39815,50.6957,16.044155,categ1,887
12/27/2011,winter,2011,Dec,Tue,FALSE,no,55.985,61.48697,76.25,12.62615,categ2,1059
12/28/2011,winter,2011,Dec,Wed,FALSE,no,54.075794,57.19766,50.3913,19.695387,categ1,2047
12/30/2011,winter,2011,Dec,Fri,FALSE,no,55.0010246,60.69308,63.6667,9.000579,categ1,2508
12/31/2011,winter,2011,Dec,Sat,TRUE,no,62.258,69.27089,61.5833,14.750318,categ1,1820
1/1/2012,winter,2012,Jan,Sun,TRUE,no,59.306,65.80589,69.25,12.875189,categ1,1608
1/2/2012,winter,2012,Jan,Mon,FALSE,yes,52.1505734,54.70736,38.1304,22.087555,categ1,1707
1/5/2012,winter,2012,Jan,Thu,FALSE,no,51.6184754,57.05708,52.4167,8.709129,categ1,3132
1/6/2012,winter,2012,Jan,Fri,FALSE,no,56.6615246,62.62403,54.2083,11.249836,categ1,3791
1/8/2012,winter,2012,Jan,Sun,TRUE,no,56.9075,62.62322,46.5,12.833314,categ1,2826
1/10/2012,winter,2012,Jan,Tue,FALSE,no,54.7817648,60.69434,64.6522,12.565984,categ1,3425
1/11/2012,winter,2012,Jan,Wed,FALSE,no,52.2335246,57.45389,84.75,8.791807,categ2,2085
1/12/2012,winter,2012,Jan,Thu,FALSE,no,60.2285,66.37442,80.2917,12.124789,categ2,3828
1/13/2012,winter,2012,Jan,Fri,FALSE,no,52.2335246,54.44258,50.75,25.333236,categ1,3040
1/14/2012,winter,2012,Jan,Sat,TRUE,no,45.284,48.47783,45.75,12.541261,categ1,2160
1/15/2012,winter,2012,Jan,Sun,TRUE,no,44.3000246,46.54625,41.9167,16.834286,categ1,2027
1/16/2012,winter,2012,Jan,Mon,FALSE,yes,46.022,49.15967,52.25,15.500986,categ1,2081
1/17/2012,winter,2012,Jan,Tue,FALSE,no,59.5305734,64.78502,71.6087,23.39171,categ2,2808
1/18/2012,winter,2012,Jan,Wed,FALSE,no,54.3859754,56.77286,44.3333,27.833743,categ1,3267
1/19/2012,winter,2012,Jan,Thu,FALSE,no,46.022,49.10342,49.75,14.750586,categ1,3162
1/20/2012,winter,2012,Jan,Fri,FALSE,no,48.0515,51.88622,45,13.58425,categ2,3048
1/21/2012,winter,2012,Jan,Sat,TRUE,no,44.7919754,47.73875,83.125,14.917014,categ2,1234
1/22/2012,winter,2012,Jan,Sun,TRUE,no,43.9925,46.6025,79.625,13.375746,categ2,1781
1/23/2012,winter,2012,Jan,Mon,FALSE,no,48.1129754,53.87522,91.125,7.417436,categ2,2287
1/24/2012,winter,2012,Jan,Tue,FALSE,no,57.2765,63.41972,83.5833,8.292389,categ1,3900
1/25/2012,winter,2012,Jan,Wed,FALSE,no,53.7095246,58.53389,64.375,10.791757,categ1,3803
1/26/2012,winter,2012,Jan,Thu,FALSE,no,57.2150246,64.0445,76.9583,4.9175186,categ2,3831
1/28/2012,winter,2012,Jan,Sat,TRUE,no,55.3084754,61.37411,54.3333,14.125543,categ1,3248
1/29/2012,winter,2012,Jan,Sun,TRUE,no,52.8485,56.54489,31.125,16.08335,categ1,2685
1/30/2012,winter,2012,Jan,Mon,FALSE,no,51.8645246,55.63625,40.0833,14.458064,categ1,3498
1/31/2012,winter,2012,Jan,Tue,FALSE,no,60.782,66.31853,41.6667,17.541739,categ1,4185
2/1/2012,winter,2012,Feb,Wed,FALSE,no,66.6245246,73.98842,50.7917,12.667489,categ1,4275
2/2/2012,winter,2012,Feb,Thu,FALSE,no,61.4585246,67.90739,67.2917,12.541529,categ2,3571
2/3/2012,winter,2012,Feb,Fri,FALSE,no,55.1239754,59.84114,52.6667,11.959232,categ1,3841
2/4/2012,winter,2012,Feb,Sat,TRUE,no,51.4955246,56.54525,77.9583,8.167032,categ2,2448
2/5/2012,winter,2012,Feb,Sun,TRUE,no,51.6184754,55.80689,68.7917,11.791732,categ2,2629
2/6/2012,winter,2012,Feb,Mon,FALSE,no,52.8565442,58.67834,62.2174,10.3046,categ1,3578
2/7/2012,winter,2012,Feb,Tue,FALSE,no,58.1375246,64.49936,49.625,9.874393,categ1,4176
2/8/2012,winter,2012,Feb,Wed,FALSE,no,50.9420246,55.97789,72.2917,8.959307,categ2,2693
2/9/2012,winter,2012,Feb,Thu,FALSE,no,51.557,55.57892,56.2083,13.000479,categ1,3667
2/10/2012,winter,2012,Feb,Fri,FALSE,no,52.7254754,58.42022,54,7.834243,categ2,3604
2/11/2012,winter,2012,Feb,Sat,TRUE,no,48.5435246,50.97803,73.125,19.416332,categ3,1977
2/13/2012,winter,2012,Feb,Mon,FALSE,no,48.4205,52.51217,41.125,11.207961,categ1,3328
2/14/2012,winter,2012,Feb,Tue,FALSE,no,55.5545246,62.05514,50.875,9.458993,categ2,3787
2/15/2012,winter,2012,Feb,Wed,FALSE,no,57.7069754,63.64661,53.125,12.1672,categ1,4028
2/16/2012,winter,2012,Feb,Thu,FALSE,no,55.3700246,61.71458,75.2917,6.125475,categ2,2931
2/17/2012,winter,2012,Feb,Fri,FALSE,no,57.3379754,63.64661,63.4583,13.791682,categ1,3805
2/18/2012,winter,2012,Feb,Sat,TRUE,no,57.5840246,63.98825,53.4583,12.792243,categ1,2883
2/19/2012,winter,2012,Feb,Sun,TRUE,no,52.664,55.92092,51.5833,16.958504,categ2,2071
2/20/2012,winter,2012,Feb,Mon,FALSE,yes,52.664,56.60519,50.7826,15.348561,categ1,2627
2/21/2012,winter,2012,Feb,Tue,FALSE,no,53.2415588,58.56017,59.4348,13.783039,categ1,3614
2/22/2012,winter,2012,Feb,Wed,FALSE,no,61.2124754,67.34003,56.7917,15.709557,categ1,4379
2/23/2012,winter,2012,Feb,Thu,FALSE,no,65.5175246,72.00014,55.4583,12.791171,categ1,4546
2/24/2012,winter,2012,Feb,Fri,FALSE,no,62.0735,68.98739,73.75,15.916989,categ2,3241
2/25/2012,winter,2012,Feb,Sat,TRUE,no,53.4634754,55.01075,39.5833,28.250014,categ1,2415
2/27/2012,winter,2012,Feb,Mon,FALSE,no,59.0600246,64.21586,49.0833,17.958211,categ1,4069
2/28/2012,winter,2012,Feb,Tue,FALSE,no,58.5065246,63.81725,39.5833,12.958939,categ1,4134
2/29/2012,winter,2012,Feb,Wed,FALSE,no,57.4128824,63.3623,80.4783,12.000839,categ2,1769
3/1/2012,winter,2012,Mar,Thu,FALSE,no,67.8544754,74.78339,61.5417,15.208129,categ1,4665
3/2/2012,winter,2012,Mar,Fri,FALSE,no,58.0759754,64.38578,65.7083,9.708568,categ2,2948
3/3/2012,winter,2012,Mar,Sat,TRUE,no,62.5655246,69.21428,62.125,10.792293,categ2,3110
3/4/2012,winter,2012,Mar,Sun,TRUE,no,56.0464754,59.27189,40.3333,22.416257,categ1,2713
3/5/2012,winter,2012,Mar,Mon,FALSE,no,49.9579754,53.70539,50.625,15.333486,categ1,3130
3/6/2012,winter,2012,Mar,Tue,FALSE,no,51.0649754,54.95378,45.6667,13.458625,categ1,3735
3/7/2012,winter,2012,Mar,Wed,FALSE,no,61.8275246,66.659,51.3333,23.167193,categ1,4484
3/8/2012,winter,2012,Mar,Thu,FALSE,no,70.9295,79.21436,56.75,29.584721,categ1,4896
3/9/2012,winter,2012,Mar,Fri,FALSE,no,62.3194754,67.73747,40.7083,27.7916,categ2,4122
3/10/2012,winter,2012,Mar,Sat,TRUE,no,53.2175,56.99903,35.0417,15.12525,categ1,3150
3/11/2012,winter,2012,Mar,Sun,TRUE,no,58.6963382,64.3703,47.6957,14.913329,categ1,3253
3/12/2012,winter,2012,Mar,Mon,FALSE,no,66.4400246,73.36328,48.9167,13.916771,categ1,4460
3/13/2012,winter,2012,Mar,Tue,FALSE,no,73.697,80.86361,61.75,15.87565,categ1,5085
3/14/2012,winter,2012,Mar,Wed,FALSE,no,74.2505,81.37553,50.7083,7.709154,categ1,5315
3/15/2012,winter,2012,Mar,Thu,FALSE,no,73.1435,79.95425,57.9583,10.042161,categ1,5187
3/16/2012,winter,2012,Mar,Fri,FALSE,no,64.1644754,71.26061,84.2083,7.583864,categ2,3830
3/17/2012,winter,2012,Mar,Sat,TRUE,no,69.9455246,77.45414,75.5833,7.417168,categ2,4681
3/18/2012,winter,2012,Mar,Sun,TRUE,no,66.8705,73.76,81,8.501161,categ2,3685
3/19/2012,winter,2012,Mar,Mon,FALSE,no,72.221,79.95389,72.875,10.875239,categ1,5171
3/20/2012,winter,2012,Mar,Tue,FALSE,no,73.3894754,80.46797,80.7917,8.125157,categ1,5042
3/21/2012,spring,2012,Mar,Wed,FALSE,no,71.2370246,78.19322,82.125,6.0004061,categ2,5108
3/22/2012,spring,2012,Mar,Thu,FALSE,no,72.8975246,79.84103,83.125,7.876654,categ1,5537
3/23/2012,spring,2012,Mar,Fri,FALSE,no,76.4030246,83.30603,69.4167,7.7921,categ2,5893
3/24/2012,spring,2012,Mar,Sat,TRUE,no,69.0845,75.80597,88.5417,12.916461,categ2,2339
3/25/2012,spring,2012,Mar,Sun,TRUE,no,64.2875,71.37392,88.0833,14.791925,categ2,3464
3/26/2012,spring,2012,Mar,Mon,FALSE,no,64.9024754,71.4875,47.7917,25.917007,categ1,4763
3/27/2012,spring,2012,Mar,Tue,FALSE,no,55.8619754,60.40886,29,12.541864,categ1,4571
3/28/2012,spring,2012,Mar,Wed,FALSE,no,67.7315246,74.3855,48.125,19.541957,categ1,5024
3/29/2012,spring,2012,Mar,Thu,FALSE,no,68.4695246,75.40736,43.9167,21.41655,categ1,5299
3/30/2012,spring,2012,Mar,Fri,FALSE,no,59.306,65.80589,58.0833,9.250489,categ2,4663
3/31/2012,spring,2012,Mar,Sat,TRUE,no,63.3035246,69.95372,73.8333,16.791339,categ2,3934
4/1/2012,spring,2012,Apr,Sun,TRUE,no,63.4264754,69.55583,67.625,11.541889,categ2,3694
4/2/2012,spring,2012,Apr,Mon,FALSE,no,64.0227794,70.47617,50.4348,20.913313,categ1,4728
4/3/2012,spring,2012,Apr,Tue,FALSE,no,66.4400246,73.53347,39.6667,6.708911,categ1,5424
4/5/2012,spring,2012,Apr,Thu,FALSE,no,64.103,70.80467,37.4167,14.708443,categ1,5265
4/6/2012,spring,2012,Apr,Fri,FALSE,no,61.7659754,67.16903,37.7083,20.125996,categ1,4653
4/7/2012,spring,2012,Apr,Sat,TRUE,no,64.2875,70.35161,25.4167,18.416357,categ1,3605
4/8/2012,spring,2012,Apr,Sun,TRUE,no,68.9,76.31825,27.5833,15.583932,categ1,2939
4/9/2012,spring,2012,Apr,Mon,FALSE,no,68.1005246,74.89742,31.75,23.999132,categ1,4680
4/10/2012,spring,2012,Apr,Tue,FALSE,no,64.9640246,71.26097,43.5,16.708125,categ1,5099
4/12/2012,spring,2012,Apr,Thu,FALSE,no,61.3355,66.88436,46.625,19.458743,categ1,4746
4/13/2012,spring,2012,Apr,Fri,FALSE,no,64.6565,70.86272,40.8333,10.416557,categ1,5146
4/14/2012,spring,2012,Apr,Sat,TRUE,no,68.531,75.91964,50.2917,12.791439,categ1,4665
4/15/2012,spring,2012,Apr,Sun,TRUE,no,76.7720246,83.64875,50.7917,15.083643,categ1,4286
4/18/2012,spring,2012,Apr,Wed,FALSE,no,66.1939754,73.13342,56.9167,11.250104,categ2,4020
4/19/2012,spring,2012,Apr,Thu,FALSE,no,68.7769754,76.37414,61.25,4.4172564,categ1,5719
4/20/2012,spring,2012,Apr,Fri,FALSE,no,70.8680246,78.41975,69.4583,10.041357,categ1,5950
4/21/2012,spring,2012,Apr,Sat,TRUE,no,74.066,80.86289,68.2917,19.000329,categ1,4083
4/22/2012,spring,2012,Apr,Sun,TRUE,no,61.2740246,67.05536,83.5417,23.084582,categ3,907
4/23/2012,spring,2012,Apr,Mon,FALSE,no,55.7390246,59.10125,76.6667,20.334232,categ2,3019
4/24/2012,spring,2012,Apr,Tue,FALSE,no,62.5039754,68.47547,45.4167,16.708661,categ1,5115
4/25/2012,spring,2012,Apr,Wed,FALSE,no,67.1780246,74.32853,42.7917,7.959064,categ1,5541
4/26/2012,spring,2012,Apr,Thu,FALSE,no,68.7769754,75.52247,75.6667,11.833875,categ2,4551
4/27/2012,spring,2012,Apr,Fri,FALSE,no,65.7635,72.73733,40.0833,23.291411,categ1,5219
4/28/2012,spring,2012,Apr,Sat,TRUE,no,59.7980246,65.97536,48.9583,8.708325,categ2,3100
4/29/2012,spring,2012,Apr,Sun,TRUE,no,65.8249754,72.51089,58.7083,7.832836,categ1,4075
4/30/2012,spring,2012,Apr,Mon,FALSE,no,66.2555246,73.19264,57,11.499746,categ2,4907
5/1/2012,spring,2012,May,Tue,FALSE,no,77.2639754,83.93189,65.9583,10.458432,categ2,5087
5/2/2012,spring,2012,May,Wed,FALSE,no,73.6355246,80.41064,79.7083,9.249886,categ1,5502
5/3/2012,spring,2012,May,Thu,FALSE,no,73.328,80.35178,76.8333,8.957632,categ2,5657
5/4/2012,spring,2012,May,Fri,FALSE,no,78.3095,85.18253,73.5417,10.916846,categ1,5227
5/5/2012,spring,2012,May,Sat,TRUE,no,77.8790246,84.61472,75.6667,10.250464,categ2,4387
5/6/2012,spring,2012,May,Sun,TRUE,no,73.5125,81.20633,74,10.041893,categ2,4224
5/7/2012,spring,2012,May,Mon,FALSE,no,71.6675,79.44278,66.4167,15.458307,categ2,5265
5/8/2012,spring,2012,May,Tue,FALSE,no,74.9270246,82.17239,68.5833,19.833943,categ2,4990
5/9/2012,spring,2012,May,Wed,FALSE,no,74.435,81.77225,74.4167,14.499604,categ2,4097
5/10/2012,spring,2012,May,Thu,FALSE,no,69.3304754,76.26047,55.2083,21.042221,categ1,5546
5/12/2012,spring,2012,May,Sat,TRUE,no,73.6355246,81.03353,48.0417,8.249911,categ1,4807
5/13/2012,spring,2012,May,Sun,TRUE,no,77.2025,84.67142,57.625,15.082839,categ1,3946
5/14/2012,spring,2012,May,Mon,FALSE,no,74.3119754,81.491,78.9583,14.250364,categ2,2501
5/15/2012,spring,2012,May,Tue,FALSE,no,77.1410246,83.87636,79.4583,9.875264,categ2,4490
5/16/2012,spring,2012,May,Wed,FALSE,no,78.9860246,85.63775,69.7917,8.208304,categ1,6433
5/17/2012,spring,2012,May,Thu,FALSE,no,75.7879754,83.53517,52,15.374825,categ1,6142
5/20/2012,spring,2012,May,Sun,TRUE,no,77.8174754,84.55703,53.0417,17.042589,categ1,4425
5/21/2012,spring,2012,May,Mon,FALSE,no,76.1569754,82.91003,81.125,15.624668,categ2,3729
5/22/2012,spring,2012,May,Tue,FALSE,no,77.387,84.27425,76.5833,7.917189,categ2,5254
5/23/2012,spring,2012,May,Wed,FALSE,no,77.8790246,84.61508,77.4583,6.834,categ2,4494
5/24/2012,spring,2012,May,Thu,FALSE,no,80.339,86.603,71.6667,11.584032,categ1,5711
6/1/2012,spring,2012,Jun,Fri,FALSE,no,80.2775246,86.71658,75.5417,15.916721,categ2,3594
6/2/2012,spring,2012,Jun,Sat,TRUE,no,75.0499754,82.96592,54.9167,12.499654,categ1,5325
6/3/2012,spring,2012,Jun,Sun,TRUE,no,76.4645,83.76197,49.3333,12.333829,categ1,5147
6/4/2012,spring,2012,Jun,Mon,FALSE,no,76.0955,84.04547,48.7083,19.083811,categ1,5927
6/5/2012,spring,2012,Jun,Tue,FALSE,no,71.9134754,79.33028,61.3333,14.041525,categ2,6033
6/6/2012,spring,2012,Jun,Wed,FALSE,no,72.8975246,80.80628,61.125,5.167375,categ1,6028
6/7/2012,spring,2012,Jun,Thu,FALSE,no,76.4645,83.24978,56.7083,10.54245,categ1,6456
6/8/2012,spring,2012,Jun,Fri,FALSE,no,79.9085246,85.80758,46.7917,11.750661,categ1,6248
6/12/2012,spring,2012,Jun,Tue,FALSE,no,80.2159754,85.80875,83.3333,14.374582,categ2,4495
6/15/2012,spring,2012,Jun,Fri,FALSE,no,79.1705246,85.97786,58.9583,11.833339,categ1,6102
6/16/2012,spring,2012,Jun,Sat,TRUE,no,78.6170246,85.52372,50.4167,11.166689,categ1,4739
6/17/2012,spring,2012,Jun,Sun,TRUE,no,75.7265,83.47775,59.875,9.708568,categ1,4344
6/18/2012,spring,2012,Jun,Mon,FALSE,no,73.9429754,81.03578,77.7917,11.707982,categ2,4446
6/26/2012,summer,2012,Jun,Tue,FALSE,no,78.5554754,85.52336,37.3333,23.292014,categ1,6365
7/21/2012,summer,2012,Jul,Sat,TRUE,no,75.9724754,81.49208,86.5417,14.2911,categ3,3195
8/17/2012,summer,2012,Aug,Fri,FALSE,no,85.3819754,53.816,57.0833,15.500718,categ1,5665
8/19/2012,summer,2012,Aug,Sun,TRUE,no,78.9244754,86.31986,71.1667,5.79215,categ2,3341
8/20/2012,summer,2012,Aug,Mon,FALSE,no,78.9244754,85.63703,73.4167,8.708593,categ2,5504
8/21/2012,summer,2012,Aug,Tue,FALSE,no,79.9085246,86.09225,67.375,4.8756436,categ1,5925
8/26/2012,summer,2012,Aug,Sun,TRUE,no,80.2159754,85.63964,84.5833,15.333486,categ2,3772
9/9/2012,summer,2012,Sep,Sun,TRUE,no,77.018,84.10325,54.75,15.041232,categ1,5657
9/10/2012,summer,2012,Sep,Mon,FALSE,no,75.0499754,82.90886,50.375,17.333771,categ1,6407
9/11/2012,summer,2012,Sep,Tue,FALSE,no,74.6195,81.88628,52,6.1676314,categ1,6697
9/12/2012,summer,2012,Sep,Wed,FALSE,no,76.2185246,83.30675,57.7083,8.833682,categ1,6820
9/13/2012,summer,2012,Sep,Thu,FALSE,no,77.2025,84.16022,63.7083,5.5422936,categ1,6750
9/14/2012,summer,2012,Sep,Fri,FALSE,no,78.7399754,85.46747,67.25,6.958821,categ1,6630
9/15/2012,summer,2012,Sep,Sat,TRUE,no,76.8949754,84.72803,50.1667,16.583907,categ1,5554
9/18/2012,summer,2012,Sep,Tue,FALSE,no,78.0019754,82.85603,87.25,23.958329,categ2,3702
9/19/2012,summer,2012,Sep,Wed,FALSE,no,72.7745,80.63636,53.6667,14.416725,categ1,6803
9/20/2012,summer,2012,Sep,Thu,FALSE,no,72.3440246,79.89728,61.8333,7.917189,categ1,6781
9/21/2012,summer,2012,Sep,Fri,FALSE,no,76.2185246,83.47739,66.875,10.333343,categ1,6917
9/22/2012,summer,2012,Sep,Sat,TRUE,no,79.97,86.94392,64.6667,19.000061,categ1,5883
9/23/2012,fall,2012,Sep,Sun,TRUE,no,71.0525246,78.70397,46.7083,14.958286,categ1,5453
9/24/2012,fall,2012,Sep,Mon,FALSE,no,69.9455246,77.22617,49.2917,9.541068,categ1,6435
9/25/2012,fall,2012,Sep,Tue,FALSE,no,72.59,80.97611,57,15.833507,categ1,6693
9/26/2012,fall,2012,Sep,Wed,FALSE,no,78.863,85.69517,63.0833,16.3748,categ1,6946
9/27/2012,fall,2012,Sep,Thu,FALSE,no,79.97,86.71775,69.0833,9.000914,categ2,6642
9/28/2012,fall,2012,Sep,Fri,FALSE,no,77.6945246,84.72767,69,10.999993,categ2,6370
9/29/2012,fall,2012,Sep,Sat,TRUE,no,72.0365,79.72664,54.2917,15.249468,categ1,5966
9/30/2012,fall,2012,Sep,Sun,TRUE,no,70.8680246,78.58967,58.3333,9.042186,categ1,4874
10/1/2012,fall,2012,Oct,Mon,FALSE,no,70.4374754,78.08,64.9167,6.0838814,categ2,6015
10/2/2012,fall,2012,Oct,Tue,FALSE,no,75.6034754,80.80997,87.1667,6.999825,categ3,4324
10/3/2012,fall,2012,Oct,Wed,FALSE,no,80.5235,85.92197,79.375,4.4585686,categ2,6844
10/4/2012,fall,2012,Oct,Thu,FALSE,no,80.5235,86.71775,72.2917,7.875582,categ2,6437
10/5/2012,fall,2012,Oct,Fri,FALSE,no,77.387,84.21683,62.75,7.12545,categ1,6640
10/6/2012,fall,2012,Oct,Sat,TRUE,no,72.8975246,80.46689,66.4167,17.957675,categ1,4934
10/9/2012,fall,2012,Oct,Tue,FALSE,no,64.9640246,71.43008,76.1667,12.7501,categ2,5791
10/10/2012,fall,2012,Oct,Wed,FALSE,no,69.9455246,77.28278,63.0833,12.584007,categ1,6911
10/11/2012,fall,2012,Oct,Thu,FALSE,no,64.103,70.80503,46.3333,12.166932,categ1,6736
10/12/2012,fall,2012,Oct,Fri,FALSE,no,64.2875,70.97639,53.9167,15.751164,categ1,6222
10/13/2012,fall,2012,Oct,Sat,TRUE,no,61.0279754,67.22564,49.4583,9.791514,categ1,4857
10/16/2012,fall,2012,Oct,Tue,FALSE,no,66.5629754,73.47614,55.8333,12.208807,categ1,6612
10/17/2012,fall,2012,Oct,Wed,FALSE,no,65.6404754,72.50972,69.2917,6.791857,categ1,6482
10/18/2012,fall,2012,Oct,Thu,FALSE,no,70.5605,78.13625,72.8333,15.874779,categ2,6501
10/19/2012,fall,2012,Oct,Fri,FALSE,no,73.5739754,80.41064,81.5,9.041918,categ2,4671
10/20/2012,fall,2012,Oct,Sat,TRUE,no,67.7315246,74.55578,57.2917,7.874979,categ1,5284
10/21/2012,fall,2012,Oct,Sun,TRUE,no,66.2555246,73.07861,51,11.125618,categ1,4692
10/22/2012,fall,2012,Oct,Mon,FALSE,no,67.9775,75.46478,56.8333,5.4593811,categ1,6228
10/23/2012,fall,2012,Oct,Tue,FALSE,no,72.1595246,79.72736,64.1667,6.3345686,categ1,6625
10/24/2012,fall,2012,Oct,Wed,FALSE,no,75.3575,82.28489,63.625,4.8762064,categ1,6898
10/25/2012,fall,2012,Oct,Thu,FALSE,no,72.59,79.67192,80.0417,8.333125,categ2,6484
10/26/2012,fall,2012,Oct,Fri,FALSE,no,72.2824754,79.0475,80.7083,8.875289,categ2,6262
10/27/2012,fall,2012,Oct,Sat,TRUE,no,71.114,78.36197,72,15.791364,categ2,5209
10/28/2012,fall,2012,Oct,Sun,TRUE,no,67.2395,74.09939,69.4583,26.666536,categ2,3461
10/29/2012,fall,2012,Oct,Mon,FALSE,no,64.472,71.546,88,23.9994,categ3,20
10/30/2012,fall,2012,Oct,Tue,FALSE,no,55.4818316,59.89181,82.5455,14.271603,categ2,1009
10/31/2012,fall,2012,Oct,Wed,FALSE,no,58.3835,64.499,66.6667,11.166689,categ2,5147
11/1/2012,fall,2012,Nov,Thu,FALSE,no,58.9984754,65.29478,58.1667,10.542182,categ2,5520
11/2/2012,fall,2012,Nov,Fri,FALSE,no,58.199,64.04378,52.2083,17.833725,categ1,5229
11/3/2012,fall,2012,Nov,Sat,TRUE,no,57.3379754,61.14614,49.125,18.125443,categ2,4109
11/4/2012,fall,2012,Nov,Sun,TRUE,no,56.0464754,61.65842,53.2917,12.000236,categ1,3906
11/5/2012,fall,2012,Nov,Mon,FALSE,no,55.5545246,59.72675,49.4167,15.833775,categ1,4881
11/6/2012,fall,2012,Nov,Tue,FALSE,no,52.7254754,57.34103,56.7083,11.625371,categ1,5220
11/7/2012,fall,2012,Nov,Wed,FALSE,no,53.8324754,56.71589,54.75,20.375236,categ2,4709
11/8/2012,fall,2012,Nov,Thu,FALSE,no,57.9904412,62.77019,33.3478,23.304945,categ1,4975
11/9/2012,fall,2012,Nov,Fri,FALSE,no,58.6910246,63.98717,54.0833,14.375386,categ1,5283
11/10/2012,fall,2012,Nov,Sat,TRUE,no,60.7205246,67.45433,64.5417,3.8756686,categ1,4446
11/11/2012,fall,2012,Nov,Sun,TRUE,no,63.0574754,69.95417,65.9167,8.5425,categ1,4562
11/12/2012,fall,2012,Nov,Mon,FALSE,yes,67.793,74.78447,74.1667,11.625639,categ1,5172
11/13/2012,fall,2012,Nov,Tue,FALSE,no,57.3379754,61.09025,66.2917,22.917082,categ2,3767
11/14/2012,fall,2012,Nov,Wed,FALSE,no,53.3405246,57.34067,55.2083,13.374875,categ1,5122
11/15/2012,fall,2012,Nov,Thu,FALSE,no,55.7390246,61.20428,62.0417,10.250129,categ2,5125
11/17/2012,fall,2012,Nov,Sat,TRUE,no,55.985,61.37447,54.5417,12.041843,categ1,4316
11/18/2012,fall,2012,Nov,Sun,TRUE,no,57.2765,62.39714,69.2917,15.250004,categ1,3747
11/19/2012,fall,2012,Nov,Mon,FALSE,no,60.1054754,65.80589,62.3333,15.749489,categ2,5050
11/20/2012,fall,2012,Nov,Tue,FALSE,no,59.6135246,66.26003,68.5,5.542575,categ2,5100
11/21/2012,fall,2012,Nov,Wed,FALSE,no,58.0759754,64.84028,61.375,6.917482,categ1,4531
11/22/2012,fall,2012,Nov,Thu,FALSE,yes,57.092,63.53339,58.0417,3.5423436,categ1,1470
11/23/2012,fall,2012,Nov,Fri,FALSE,no,59.1829754,66.09011,56.875,9.917407,categ1,2307
11/24/2012,fall,2012,Nov,Sat,TRUE,no,52.5409754,54.38678,40.4583,25.250357,categ1,1745
11/25/2012,fall,2012,Nov,Sun,TRUE,no,50.1424754,55.18247,46.8333,10.0835,categ1,2115
11/26/2012,fall,2012,Nov,Mon,FALSE,no,55.1239754,62.51036,53.5417,3.12555,categ1,4750
11/27/2012,fall,2012,Nov,Tue,FALSE,no,53.5250246,57.34022,78.6667,15.916654,categ2,3836
11/28/2012,fall,2012,Nov,Wed,FALSE,no,53.8940246,58.07858,50.625,14.125007,categ1,5062
11/29/2012,fall,2012,Nov,Thu,FALSE,no,52.728206,58.85798,55.5652,7.739974,categ1,5080
11/30/2012,fall,2012,Nov,Fri,FALSE,no,54.0169754,61.14803,64.9583,3.9175436,categ1,5306
12/1/2012,fall,2012,Dec,Sat,TRUE,no,54.0169754,60.52136,80.6667,4.0001814,categ2,4240
12/2/2012,fall,2012,Dec,Sun,TRUE,no,57.6455,64.32872,82.3333,8.333393,categ2,3757
12/3/2012,fall,2012,Dec,Mon,FALSE,no,65.3945,73.02164,76.75,5.5422936,categ1,5679
12/4/2012,fall,2012,Dec,Tue,FALSE,no,67.1164754,74.21486,73.375,11.666643,categ1,6055
12/5/2012,fall,2012,Dec,Wed,FALSE,no,64.3489754,70.52108,48.5,21.709407,categ1,5398
12/6/2012,fall,2012,Dec,Thu,FALSE,no,50.8804754,55.23836,50.875,11.708518,categ1,5035
12/7/2012,fall,2012,Dec,Fri,FALSE,no,55.6774754,60.97622,76.4167,8.7502,categ2,4659
12/8/2012,fall,2012,Dec,Sat,TRUE,no,60.1670246,67.05572,91.125,6.792393,categ2,4429
12/9/2012,fall,2012,Dec,Sun,TRUE,no,60.3515246,67.11314,90.5417,10.584325,categ2,2787
12/10/2012,fall,2012,Dec,Mon,FALSE,no,64.1644754,71.20175,92.5,12.750636,categ2,4841
12/11/2012,fall,2012,Dec,Tue,FALSE,no,58.0759754,62.45267,59.6667,19.834479,categ2,5219
12/12/2012,fall,2012,Dec,Wed,FALSE,no,53.9555,58.76042,53.8333,10.916779,categ2,5009
12/13/2012,fall,2012,Dec,Thu,FALSE,no,53.8324754,58.47692,48.5833,11.666643,categ1,5107
12/14/2012,fall,2012,Dec,Fri,FALSE,no,52.7870246,58.47728,64.2917,8.792343,categ1,5182
12/15/2012,fall,2012,Dec,Sat,TRUE,no,55.9235246,62.45447,65.0417,7.12545,categ1,4280
12/16/2012,fall,2012,Dec,Sun,TRUE,no,58.7525,65.29442,83.875,6.749714,categ2,3248
12/17/2012,fall,2012,Dec,Mon,FALSE,no,61.0279754,68.135,90.7083,6.5833061,categ2,4373
12/18/2012,fall,2012,Dec,Tue,FALSE,no,62.3194754,68.87372,66.625,14.834068,categ1,5124
12/19/2012,fall,2012,Dec,Wed,FALSE,no,56.5385,62.79458,62.5417,12.334164,categ1,4934
12/20/2012,fall,2012,Dec,Thu,FALSE,no,56.354,62.16953,66.7917,8.875021,categ2,3814
12/21/2012,winter,2012,Dec,Fri,FALSE,no,56.1080246,59.15903,55.6667,25.083661,categ2,3402
12/22/2012,winter,2012,Dec,Sat,TRUE,no,51.6184754,53.25017,44.125,27.292182,categ1,1544
12/23/2012,winter,2012,Dec,Sun,TRUE,no,50.1424754,55.35239,51.5417,8.916561,categ1,1379
12/24/2012,winter,2012,Dec,Mon,FALSE,no,49.0702352,55.301,79.1304,5.1744368,categ2,746
12/25/2012,winter,2012,Dec,Tue,FALSE,yes,53.4982352,58.50185,73.4783,11.304642,categ2,573
12/27/2012,winter,2012,Dec,Thu,FALSE,no,50.7575246,52.39778,65.2917,23.458911,categ2,1867
12/28/2012,winter,2012,Dec,Fri,FALSE,no,50.6959754,54.95414,59,10.416557,categ2,2451
12/29/2012,winter,2012,Dec,Sat,TRUE,no,50.6959754,53.816,75.2917,8.333661,categ2,1182
12/30/2012,winter,2012,Dec,Sun,TRUE,no,50.8804754,52.853,48.3333,23.500518,categ1,1432
12/31/2012,winter,2012,Dec,Mon,FALSE,no,47.9284754,52.11383,57.75,10.374682,categ2,2290
